2019-11-12 00:46:19 ,50,James mego,https://i.pinimg.com/236x/83/de/b6/83deb6e1684cbc69d09082d08e339a18--kid-photos-white-photography.jpg,https://wallpaperaccess.com/full/169295.jpg,Oh hey there
2019-11-28 00:31:50 ,800,Charles illuna,https://alamphoto.com/wp-content/uploads/2020/08/%D8%B5%D9%88%D8%B1-%D8%A8%D9%86%D8%A7%D8%AA-Pinterest-2021.jpg,https://www.aljadeed.com/wp-content/uploads/2021/03/Image-Compressor-Online-%D9%85%D9%88%D9%82%D8%B9-%D9%84%D8%AE%D9%81%D8%B6-%D8%AD%D8%AC%D9%85-%D8%A7%D9%84%D8%B5%D9%88%D8%B1-%D8%A7%D9%88%D9%86-%D9%84%D8%A7%D9%8A%D9%86-%D8%A8%D8%AF%D9%88%D9%86-%D8%AA%D9%82%D9%84%D9%8A%D9%84-%D8%A7%D9%84%D8%AC%D9%88%D8%AF%D8%A9.jpg,Be a cupcake in a world of muffins
2019-11-04 00:48:32 ,220,George rodergs,https://alamphoto.com/wp-content/uploads/2020/08/%D8%A3%D8%AD%D9%84%D9%89-%D8%B5%D9%88%D8%B1-%D8%A8%D9%86%D8%A7%D8%AA-%D9%81%D9%8A-%D8%A7%D9%84%D8%B9%D8%A7%D9%84%D9%85-2021.jpg,https://assets-global.website-files.com/6005fac27a49a9cd477afb63/6057684e5923ad2ae43c8150_bavassano_homepage_before.jpg,Maybe she’s born with it
2019-11-26 00:33:04 ,115,Frank gsuk,https://i.pinimg.com/originals/b2/0d/d9/b20dd917c9dbafbb0e4a52c89c14a154.jpg,https://wersm.com/wp-content/uploads/2020/01/wersm-pinterest-brings-compassionate-search-feature-to-nine-more-countries-600x454.jpg,A little contour and confidence
2019-11-24 00:32:29 ,84,Joseph john,https://sowaratfal.com/wp-content/uploads/2018/07/%D8%B5%D9%88%D8%B1-%D8%A3%D8%B7%D9%81%D8%A7%D9%84-%D9%85%D9%86%D9%88%D8%B9%D8%A9-13.jpg,https://images.unsplash.com/photo-1503023345310-bd7c1de61c7d?ixid=MnwxMjA3fDB8MHxwaG90by1wYWdlfHx8fGVufDB8fHx8&ixlib=rb-1.2.1&auto=format&fit=crop&w=1000&q=80,Don’t dream of it. Train for it
2019-11-14 00:47:41,118,Thomas adam,https://static.remove.bg/remove-bg-web/45a72906c90d42939a65e239566fa322bcc1f4f2/assets/start-0e837dcc57769db2306d8d659f53555feb500b3c5d456879b9c843d1872e7baa.jpg,https://filedn.com/ltOdFv1aqz1YIFhf4gTY8D7/ingus-info/BLOGS/Photography-stocks3/stock-photography-slider.jpg,A little contour and confidence
2019-11-24 00:25:13 ,50,Henry akop,https://www.esafety.gov.au/sites/default/files/2019-08/Remove%20images%20and%20video.jpg,https://cdn.pixabay.com/photo/2015/04/23/22/00/tree-736885__480.jpg,Oh hey there
2019-11-23 03:08:55 ,140,Wade sults,https://www.esafety.gov.au/sites/default/files/2019-09/how_we_handle_image-based_abuse_reports.jpg,https://cdn.pixabay.com/photo/2015/04/19/08/32/marguerite-729510__340.jpg,Get out there and live a little
2019-11-26 00:32:17 ,78,Cyrus sjdh,https://www.esafety.gov.au/sites/default/files/2019-09/how_to_report_image-based_abuse.jpg,https://meatloaf-oifc.com/img/other/54/collection-flower-images-7.jpg,I can show you the world
2019-11-28 00:25:24 ,150,Miles hyjkop,https://i.redd.it/6onq25y0sh311.jpg,https://www.photoshopessentials.com/newsite/wp-content/uploads/2018/08/resize-images-print-photoshop-f.jpg,Sunday funday
2019-11-25 00:27:48 ,50,Rudolph hunnery,https://s18798.pcdn.co/mavericklimccproject/wp-content/uploads/sites/14030/1986/06/Face-Profile-2-300x200.jpg,https://st2.depositphotos.com/1064024/10769/i/600/depositphotos_107694484-stock-photo-little-boy.jpg,Being happy never goes out of style
2019-11-11 00:32:25 ,130,Sherman hillon,https://www.rd.com/wp-content/uploads/2017/09/01-shutterstock_476340928-Irina-Bg.jpg,https://media.wired.com/photos/598e35fb99d76447c4eb1f28/master/pass/phonepicutres-TA.jpg,Whatever is good for your soul
2019-11-07 00:30:25 ,40,tramb obama,https://www.theglobeandmail.com/resizer/a1tsouRgbsPGVK8OvdFYJqxNhEo=/4415x0/filters:quality(80)/arc-anglerfish-tgam-prod-tgam.s3.amazonaws.com/public/5HSZVXDII5BRRHH4S6KE4WZ7RE.jpg,https://blog.photofeeler.com/wp-content/uploads/2017/09/tinder-photo-size-tinder-picture-size-tinder-aspect-ratio-image-dimensions-crop.jpg,Live more. worry less
2019-11-12 00:46:19 ,50,James bond,https://i.pinimg.com/236x/83/de/b6/83deb6e1684cbc69d09082d08e339a18--kid-photos-white-photography.jpg,https://wallpaperaccess.com/full/169295.jpg,Morning gram
2019-11-24 00:32:29 ,84,Joseph john,https://sowaratfal.com/wp-content/uploads/2018/07/%D8%B5%D9%88%D8%B1-%D8%A3%D8%B7%D9%81%D8%A7%D9%84-%D9%85%D9%86%D9%88%D8%B9%D8%A9-13.jpg,https://images.unsplash.com/photo-1503023345310-bd7c1de61c7d?ixid=MnwxMjA3fDB8MHxwaG90by1wYWdlfHx8fGVufDB8fHx8&ixlib=rb-1.2.1&auto=format&fit=crop&w=1000&q=80,Don’t dream of it. Train for it
2019-11-14 00:47:41,118,Thomas adam,https://static.remove.bg/remove-bg-web/45a72906c90d42939a65e239566fa322bcc1f4f2/assets/start-0e837dcc57769db2306d8d659f53555feb500b3c5d456879b9c843d1872e7baa.jpg,https://filedn.com/ltOdFv1aqz1YIFhf4gTY8D7/ingus-info/BLOGS/Photography-stocks3/stock-photography-slider.jpg,A little contour and confidence
2019-11-24 00:25:13 ,50,Henry akop,https://www.esafety.gov.au/sites/default/files/2019-08/Remove%20images%20and%20video.jpg,https://cdn.pixabay.com/photo/2015/04/23/22/00/tree-736885__480.jpg,Oh hey there
2019-11-23 03:08:55 ,140,Wade sults,https://www.esafety.gov.au/sites/default/files/2019-09/how_we_handle_image-based_abuse_reports.jpg,https://cdn.pixabay.com/photo/2015/04/19/08/32/marguerite-729510__340.jpg,Get out there and live a little
2019-11-26 00:32:17 ,78,Cyrus sjdh,https://www.esafety.gov.au/sites/default/files/2019-09/how_to_report_image-based_abuse.jpg,https://meatloaf-oifc.com/img/other/54/collection-flower-images-7.jpg,I can show you the world
2019-11-28 00:25:24 ,150,Miles hyjkop,https://i.redd.it/6onq25y0sh311.jpg,https://www.photoshopessentials.com/newsite/wp-content/uploads/2018/08/resize-images-print-photoshop-f.jpg,Sunday funday